<?xml version="1.0" encoding="UTF-8"?>
<content>
    <about-title>О нас</about-title>
    <about>Компания «ArciTech» выполняет строительство домов и коттеджей под ключ с гарантией на проведенные работы. Мы специализируемся на монолитном домостроении и готовы решить задачи клиента любой степени сложности. Если вам необходимо разработать индивидуальный проект, залить фундамент или уложить кровлю, наши специалисты предоставят услуги на высоком качественном уровне.</about>
    <service>Проектирование домов и коттеджей</service>
    <service>Заливка фундаментов</service>
    <service>Монолитные работы</service>
    <service>Строительство домов</service>
</content> 